[
{
    "model": "issue_tracker.status",
    "pk": 1,
    "fields": {
        "status": "New"
    }
},
{
    "model": "issue_tracker.status",
    "pk": 2,
    "fields": {
        "status": "In Progress"
    }
},
{
    "model": "issue_tracker.status",
    "pk": 3,
    "fields": {
        "status": "Done"
    }
},
{
    "model": "issue_tracker.type",
    "pk": 1,
    "fields": {
        "type": "Task"
    }
},
{
    "model": "issue_tracker.type",
    "pk": 2,
    "fields": {
        "type": "Bug"
    }
},
{
    "model": "issue_tracker.type",
    "pk": 3,
    "fields": {
        "type": "Enhancement"
    }
},
{
    "model": "issue_tracker.task",
    "pk": 3,
    "fields": {
        "summary": "Создать миграцию",
        "description": "Создать приложение задач для отслеживания работ программистов",
        "status": 1,
        "created_at": "2022-01-19T15:32:32.032Z",
        "updated_at": "2022-02-07T07:05:17.770Z",
        "project": 1,
        "type": [
            1
        ]
    }
},
{
    "model": "issue_tracker.task",
    "pk": 4,
    "fields": {
        "summary": "Создать суперадмин",
        "description": "Создать приложение задач для отслеживания работ программистов",
        "status": 1,
        "created_at": "2022-01-19T15:32:57.758Z",
        "updated_at": "2022-01-19T15:32:57.758Z",
        "project": 1,
        "type": [
            1
        ]
    }
},
{
    "model": "issue_tracker.task",
    "pk": 5,
    "fields": {
        "summary": "Создать фикстуру базы данных",
        "description": "Создать приложение задач для отслеживания работ программистов",
        "status": 1,
        "created_at": "2022-01-19T15:33:28.689Z",
        "updated_at": "2022-01-19T15:33:28.689Z",
        "project": 1,
        "type": [
            1
        ]
    }
},
{
    "model": "issue_tracker.task",
    "pk": 6,
    "fields": {
        "summary": "Создать миграцию",
        "description": "Создать приложение задач для отслеживания работ программистов",
        "status": 2,
        "created_at": "2022-01-19T15:33:43.553Z",
        "updated_at": "2022-01-19T15:33:43.553Z",
        "project": 1,
        "type": [
            1
        ]
    }
},
{
    "model": "issue_tracker.task",
    "pk": 7,
    "fields": {
        "summary": "Создать GRUD для задачи",
        "description": "Создать приложение задач для отслеживания работ программистов",
        "status": 1,
        "created_at": "2022-01-19T15:34:32.554Z",
        "updated_at": "2022-01-19T15:34:32.554Z",
        "project": 1,
        "type": [
            1
        ]
    }
},
{
    "model": "issue_tracker.task",
    "pk": 8,
    "fields": {
        "summary": "Исправить ошибки при создании задачи",
        "description": "Создать приложение задач для отслеживания работ программистов",
        "status": 1,
        "created_at": "2022-01-19T15:34:57.466Z",
        "updated_at": "2022-01-24T15:21:14.598Z",
        "project": 1,
        "type": [
            2
        ]
    }
},
{
    "model": "issue_tracker.task",
    "pk": 9,
    "fields": {
        "summary": "Улучшить главную страницу с бутстрапом",
        "description": "Создать приложение задач для отслеживания работ программистов",
        "status": 2,
        "created_at": "2022-01-19T15:35:25.049Z",
        "updated_at": "2022-02-02T15:57:44.448Z",
        "project": 1,
        "type": [
            3
        ]
    }
},
{
    "model": "issue_tracker.task",
    "pk": 10,
    "fields": {
        "summary": "Создать приложение Issue Tracker",
        "description": "Создать приложение задач для отслеживания работ программистов",
        "status": 2,
        "created_at": "2022-01-19T15:32:01.996Z",
        "updated_at": "2022-01-19T15:32:01.996Z",
        "project": 1,
        "type": [
            1
        ]
    }
},
{
    "model": "issue_tracker.task",
    "pk": 11,
    "fields": {
        "summary": "Создать миграцию",
        "description": "Работа по планированию выполнена",
        "status": 1,
        "created_at": "2022-01-19T15:32:32.032Z",
        "updated_at": "2022-01-19T15:32:32.032Z",
        "project": 1,
        "type": []
    }
},
{
    "model": "issue_tracker.task",
    "pk": 12,
    "fields": {
        "summary": "Создать суперадмин",
        "description": "Работа по планированию выполнена",
        "status": 1,
        "created_at": "2022-01-19T15:32:57.758Z",
        "updated_at": "2022-01-19T15:32:57.758Z",
        "project": 1,
        "type": []
    }
},
{
    "model": "issue_tracker.task",
    "pk": 13,
    "fields": {
        "summary": "Создать фикстуру базы данных",
        "description": "Работа по планированию выполнена",
        "status": 1,
        "created_at": "2022-01-19T15:33:28.689Z",
        "updated_at": "2022-01-19T15:33:28.689Z",
        "project": 1,
        "type": []
    }
},
{
    "model": "issue_tracker.task",
    "pk": 14,
    "fields": {
        "summary": "Создать миграцию",
        "description": "Работа по планированию выполнена",
        "status": 2,
        "created_at": "2022-01-19T15:33:43.553Z",
        "updated_at": "2022-01-19T15:33:43.553Z",
        "project": 1,
        "type": []
    }
},
{
    "model": "issue_tracker.task",
    "pk": 15,
    "fields": {
        "summary": "Создать GRUD для задачи",
        "description": "Работа по планированию выполнена",
        "status": 1,
        "created_at": "2022-01-19T15:34:32.554Z",
        "updated_at": "2022-02-07T10:40:40.440Z",
        "project": 1,
        "type": [
            1
        ]
    }
},
{
    "model": "issue_tracker.task",
    "pk": 16,
    "fields": {
        "summary": "Создать фикстуру базы данных",
        "description": "Работа по планированию выполнена",
        "status": 1,
        "created_at": "2022-01-19T15:33:28.689Z",
        "updated_at": "2022-01-19T15:33:28.689Z",
        "project": 1,
        "type": []
    }
},
{
    "model": "issue_tracker.task",
    "pk": 17,
    "fields": {
        "summary": "Создать миграцию",
        "description": "Работа по планированию выполнена",
        "status": 2,
        "created_at": "2022-01-19T15:33:43.553Z",
        "updated_at": "2022-01-19T15:33:43.553Z",
        "project": 1,
        "type": []
    }
},
{
    "model": "issue_tracker.task",
    "pk": 18,
    "fields": {
        "summary": "Создать GRUD для задачи",
        "description": "Работа по планированию выполнена",
        "status": 1,
        "created_at": "2022-01-19T15:34:32.554Z",
        "updated_at": "2022-02-07T10:40:52.231Z",
        "project": 1,
        "type": [
            1
        ]
    }
},
{
    "model": "issue_tracker.task",
    "pk": 19,
    "fields": {
        "summary": "Исправить ошибки при создании задачи",
        "description": "Работа по планированию выполнена",
        "status": 1,
        "created_at": "2022-01-19T15:34:57.466Z",
        "updated_at": "2022-02-07T10:38:49.353Z",
        "project": 1,
        "type": [
            1
        ]
    }
},
{
    "model": "issue_tracker.task",
    "pk": 21,
    "fields": {
        "summary": "Создать приложение Issue Tracker",
        "description": "Работа по планированию выполнена",
        "status": 2,
        "created_at": "2022-01-19T15:32:01.996Z",
        "updated_at": "2022-01-19T15:32:01.996Z",
        "project": 1,
        "type": []
    }
},
{
    "model": "issue_tracker.task",
    "pk": 22,
    "fields": {
        "summary": "Создать миграцию",
        "description": "Все молодцы",
        "status": 1,
        "created_at": "2022-01-19T15:32:32.032Z",
        "updated_at": "2022-01-19T15:32:32.032Z",
        "project": 1,
        "type": []
    }
},
{
    "model": "issue_tracker.task",
    "pk": 23,
    "fields": {
        "summary": "Создать суперадмин",
        "description": "Все молодцы",
        "status": 1,
        "created_at": "2022-01-19T15:32:57.758Z",
        "updated_at": "2022-01-19T15:32:57.758Z",
        "project": 1,
        "type": []
    }
},
{
    "model": "issue_tracker.task",
    "pk": 24,
    "fields": {
        "summary": "Создать фикстуру базы данных",
        "description": "Все молодцы",
        "status": 1,
        "created_at": "2022-01-19T15:33:28.689Z",
        "updated_at": "2022-01-19T15:33:28.689Z",
        "project": 1,
        "type": []
    }
},
{
    "model": "issue_tracker.task",
    "pk": 25,
    "fields": {
        "summary": "Создать миграцию",
        "description": "Все молодцы",
        "status": 2,
        "created_at": "2022-01-19T15:33:43.553Z",
        "updated_at": "2022-01-19T15:33:43.553Z",
        "project": 1,
        "type": []
    }
},
{
    "model": "issue_tracker.task",
    "pk": 27,
    "fields": {
        "summary": "Создать фикстуру базы данных",
        "description": "Все молодцы",
        "status": 1,
        "created_at": "2022-01-19T15:33:28.689Z",
        "updated_at": "2022-01-19T15:33:28.689Z",
        "project": 1,
        "type": []
    }
},
{
    "model": "issue_tracker.task",
    "pk": 28,
    "fields": {
        "summary": "Создать миграцию",
        "description": "Все молодцы",
        "status": 2,
        "created_at": "2022-01-19T15:33:43.553Z",
        "updated_at": "2022-01-19T15:33:43.553Z",
        "project": 1,
        "type": []
    }
},
{
    "model": "issue_tracker.task",
    "pk": 30,
    "fields": {
        "summary": "Исправить ошибки при создании задачи",
        "description": "Все молодцы",
        "status": 1,
        "created_at": "2022-01-19T15:34:57.466Z",
        "updated_at": "2022-02-07T10:38:57.469Z",
        "project": 1,
        "type": [
            1
        ]
    }
},
{
    "model": "issue_tracker.task",
    "pk": 32,
    "fields": {
        "summary": "Создать приложение Issue Tracker",
        "description": "Все молодцы",
        "status": 2,
        "created_at": "2022-01-19T15:32:01.996Z",
        "updated_at": "2022-01-19T15:32:01.996Z",
        "project": 1,
        "type": []
    }
},
{
    "model": "issue_tracker.task",
    "pk": 33,
    "fields": {
        "summary": "Создать миграцию",
        "description": "Все молодцы",
        "status": 1,
        "created_at": "2022-01-19T15:32:32.032Z",
        "updated_at": "2022-01-19T15:32:32.032Z",
        "project": 1,
        "type": []
    }
},
{
    "model": "issue_tracker.task",
    "pk": 34,
    "fields": {
        "summary": "Создать суперадмин",
        "description": "Пойдемте в пятницу гулять, мы заслужили",
        "status": 1,
        "created_at": "2022-01-19T15:32:57.758Z",
        "updated_at": "2022-01-19T15:32:57.758Z",
        "project": 1,
        "type": []
    }
},
{
    "model": "issue_tracker.task",
    "pk": 35,
    "fields": {
        "summary": "Создать фикстуру базы данных",
        "description": "Пойдемте в пятницу гулять, мы заслужили",
        "status": 1,
        "created_at": "2022-01-19T15:33:28.689Z",
        "updated_at": "2022-01-19T15:33:28.689Z",
        "project": 1,
        "type": []
    }
},
{
    "model": "issue_tracker.task",
    "pk": 36,
    "fields": {
        "summary": "Создать миграцию",
        "description": "Пойдемте в пятницу гулять, мы заслужили",
        "status": 2,
        "created_at": "2022-01-19T15:33:43.553Z",
        "updated_at": "2022-01-19T15:33:43.553Z",
        "project": 1,
        "type": []
    }
},
{
    "model": "issue_tracker.task",
    "pk": 37,
    "fields": {
        "summary": "Создать GRUD для задачи",
        "description": "Пойдемте в пятницу гулять, мы заслужили",
        "status": 1,
        "created_at": "2022-01-19T15:34:32.554Z",
        "updated_at": "2022-02-07T10:41:25.991Z",
        "project": 1,
        "type": [
            1
        ]
    }
},
{
    "model": "issue_tracker.task",
    "pk": 38,
    "fields": {
        "summary": "Создать фикстуру базы данных",
        "description": "Пойдемте в пятницу гулять, мы заслужили",
        "status": 1,
        "created_at": "2022-01-19T15:33:28.689Z",
        "updated_at": "2022-01-19T15:33:28.689Z",
        "project": 1,
        "type": []
    }
},
{
    "model": "issue_tracker.task",
    "pk": 39,
    "fields": {
        "summary": "Создать миграцию",
        "description": "Пойдемте в пятницу гулять, мы заслужили",
        "status": 2,
        "created_at": "2022-01-19T15:33:43.553Z",
        "updated_at": "2022-01-19T15:33:43.553Z",
        "project": 1,
        "type": []
    }
},
{
    "model": "issue_tracker.task",
    "pk": 40,
    "fields": {
        "summary": "Создать GRUD для задачи",
        "description": "Пойдемте в пятницу гулять, мы заслужили",
        "status": 1,
        "created_at": "2022-01-19T15:34:32.554Z",
        "updated_at": "2022-02-07T10:41:37.136Z",
        "project": 1,
        "type": [
            1
        ]
    }
},
{
    "model": "issue_tracker.task",
    "pk": 41,
    "fields": {
        "summary": "Исправить ошибки при создании задачи",
        "description": "Пойдемте в пятницу гулять, мы заслужили",
        "status": 1,
        "created_at": "2022-01-19T15:34:57.466Z",
        "updated_at": "2022-02-07T10:39:04.609Z",
        "project": 1,
        "type": [
            1
        ]
    }
},
{
    "model": "issue_tracker.task",
    "pk": 42,
    "fields": {
        "summary": "Улучшить главную страницу с бутстрапом",
        "description": "Пойдемте в пятницу гулять, мы заслужили",
        "status": 2,
        "created_at": "2022-01-19T15:35:25.049Z",
        "updated_at": "2022-02-07T10:38:16.687Z",
        "project": 1,
        "type": [
            1
        ]
    }
},
{
    "model": "issue_tracker.task",
    "pk": 43,
    "fields": {
        "summary": "Создать приложение Issue Tracker",
        "description": "Пойдемте в пятницу гулять, мы заслужили",
        "status": 2,
        "created_at": "2022-01-19T15:32:01.996Z",
        "updated_at": "2022-01-19T15:32:01.996Z",
        "project": 1,
        "type": []
    }
},
{
    "model": "issue_tracker.task",
    "pk": 44,
    "fields": {
        "summary": "Создать миграцию",
        "description": "Пойдемте в пятницу гулять, мы заслужили",
        "status": 1,
        "created_at": "2022-01-19T15:32:32.032Z",
        "updated_at": "2022-01-19T15:32:32.032Z",
        "project": 1,
        "type": []
    }
},
{
    "model": "issue_tracker.task",
    "pk": 45,
    "fields": {
        "summary": "Создать суперадмин",
        "description": "Я уже не знаю что писать, надеюсь это никто не читает",
        "status": 1,
        "created_at": "2022-01-19T15:32:57.758Z",
        "updated_at": "2022-01-19T15:32:57.758Z",
        "project": 1,
        "type": []
    }
},
{
    "model": "issue_tracker.task",
    "pk": 46,
    "fields": {
        "summary": "Создать фикстуру базы данных",
        "description": "Я уже не знаю что писать, надеюсь это никто не читает",
        "status": 1,
        "created_at": "2022-01-19T15:33:28.689Z",
        "updated_at": "2022-01-19T15:33:28.689Z",
        "project": 1,
        "type": []
    }
},
{
    "model": "issue_tracker.task",
    "pk": 47,
    "fields": {
        "summary": "Создать миграцию",
        "description": "Я уже не знаю что писать, надеюсь это никто не читает",
        "status": 2,
        "created_at": "2022-01-19T15:33:43.553Z",
        "updated_at": "2022-01-19T15:33:43.553Z",
        "project": 1,
        "type": []
    }
},
{
    "model": "issue_tracker.task",
    "pk": 48,
    "fields": {
        "summary": "Создать GRUD для задачи",
        "description": "Я уже не знаю что писать, надеюсь это никто не читает",
        "status": 1,
        "created_at": "2022-01-19T15:34:32.554Z",
        "updated_at": "2022-02-07T10:41:47.597Z",
        "project": 1,
        "type": [
            2
        ]
    }
},
{
    "model": "issue_tracker.task",
    "pk": 49,
    "fields": {
        "summary": "Создать фикстуру базы данных",
        "description": "Я уже не знаю что писать, надеюсь это никто не читает",
        "status": 1,
        "created_at": "2022-01-19T15:33:28.689Z",
        "updated_at": "2022-01-19T15:33:28.689Z",
        "project": 1,
        "type": []
    }
},
{
    "model": "issue_tracker.task",
    "pk": 50,
    "fields": {
        "summary": "Создать миграцию",
        "description": "Я уже не знаю что писать, надеюсь это никто не читает",
        "status": 2,
        "created_at": "2022-01-19T15:33:43.553Z",
        "updated_at": "2022-01-19T15:33:43.553Z",
        "project": 1,
        "type": []
    }
},
{
    "model": "issue_tracker.task",
    "pk": 51,
    "fields": {
        "summary": "Создать GRUD для задачи",
        "description": "Я уже не знаю что писать, надеюсь это никто не читает",
        "status": 1,
        "created_at": "2022-01-19T15:34:32.554Z",
        "updated_at": "2022-02-07T10:46:25.052Z",
        "project": 1,
        "type": [
            1
        ]
    }
},
{
    "model": "issue_tracker.task",
    "pk": 53,
    "fields": {
        "summary": "Улучшить главную страницу с бутстрапом",
        "description": "Я уже не знаю что писать, надеюсь это никто не читает",
        "status": 2,
        "created_at": "2022-01-19T15:35:25.049Z",
        "updated_at": "2022-02-07T10:38:27.629Z",
        "project": 1,
        "type": [
            2
        ]
    }
},
{
    "model": "issue_tracker.task",
    "pk": 54,
    "fields": {
        "summary": "Создать приложение Issue Tracker",
        "description": "Я уже не знаю что писать, надеюсь это никто не читает",
        "status": 2,
        "created_at": "2022-01-19T15:32:01.996Z",
        "updated_at": "2022-01-19T15:32:01.996Z",
        "project": 1,
        "type": []
    }
},
{
    "model": "issue_tracker.task",
    "pk": 55,
    "fields": {
        "summary": "Создать миграцию",
        "description": "Я уже не знаю что писать, надеюсь это никто не читает",
        "status": 1,
        "created_at": "2022-01-19T15:32:32.032Z",
        "updated_at": "2022-01-19T15:32:32.032Z",
        "project": 1,
        "type": []
    }
},
{
    "model": "issue_tracker.task",
    "pk": 56,
    "fields": {
        "summary": "Создать суперадмин",
        "description": "Я уже не знаю что писать, надеюсь это никто не читает",
        "status": 1,
        "created_at": "2022-01-19T15:32:57.758Z",
        "updated_at": "2022-01-19T15:32:57.758Z",
        "project": 1,
        "type": []
    }
},
{
    "model": "issue_tracker.task",
    "pk": 57,
    "fields": {
        "summary": "Создать фикстуру базы данных",
        "description": "Кто едет в гости по утрам тот поступает мудро",
        "status": 1,
        "created_at": "2022-01-19T15:33:28.689Z",
        "updated_at": "2022-01-19T15:33:28.689Z",
        "project": 1,
        "type": []
    }
},
{
    "model": "issue_tracker.task",
    "pk": 58,
    "fields": {
        "summary": "Создать миграцию",
        "description": "Кто едет в гости по утрам тот поступает мудро",
        "status": 2,
        "created_at": "2022-01-19T15:33:43.553Z",
        "updated_at": "2022-01-19T15:33:43.553Z",
        "project": 1,
        "type": []
    }
},
{
    "model": "issue_tracker.task",
    "pk": 59,
    "fields": {
        "summary": "Создать GRUD для задачи",
        "description": "Кто едет в гости по утрам тот поступает мудро",
        "status": 1,
        "created_at": "2022-01-19T15:34:32.554Z",
        "updated_at": "2022-02-07T10:46:43.456Z",
        "project": 1,
        "type": [
            2
        ]
    }
},
{
    "model": "issue_tracker.task",
    "pk": 60,
    "fields": {
        "summary": "Создать фикстуру базы данных",
        "description": "Кто едет в гости по утрам тот поступает мудро",
        "status": 1,
        "created_at": "2022-01-19T15:33:28.689Z",
        "updated_at": "2022-01-19T15:33:28.689Z",
        "project": 1,
        "type": []
    }
},
{
    "model": "issue_tracker.task",
    "pk": 61,
    "fields": {
        "summary": "Создать миграцию",
        "description": "Кто едет в гости по утрам тот поступает мудро",
        "status": 2,
        "created_at": "2022-01-19T15:33:43.553Z",
        "updated_at": "2022-01-19T15:33:43.553Z",
        "project": 1,
        "type": []
    }
},
{
    "model": "issue_tracker.task",
    "pk": 62,
    "fields": {
        "summary": "Создать GRUD для задачи",
        "description": "Кто едет в гости по утрам тот поступает мудро",
        "status": 1,
        "created_at": "2022-01-19T15:34:32.554Z",
        "updated_at": "2022-02-07T10:46:59.908Z",
        "project": 1,
        "type": [
            1
        ]
    }
},
{
    "model": "issue_tracker.task",
    "pk": 64,
    "fields": {
        "summary": "Улучшить главную страницу с бутстрапом",
        "description": "Кто едет в гости по утрам тот поступает мудро",
        "status": 2,
        "created_at": "2022-01-19T15:35:25.049Z",
        "updated_at": "2022-02-07T10:38:34.967Z",
        "project": 1,
        "type": [
            1
        ]
    }
},
{
    "model": "issue_tracker.task",
    "pk": 65,
    "fields": {
        "summary": "Создать приложение Issue Tracker",
        "description": "Кто едет в гости по утрам тот поступает мудро",
        "status": 2,
        "created_at": "2022-01-19T15:32:01.996Z",
        "updated_at": "2022-01-19T15:32:01.996Z",
        "project": 1,
        "type": []
    }
},
{
    "model": "issue_tracker.task",
    "pk": 66,
    "fields": {
        "summary": "Создать миграцию",
        "description": "Кто едет в гости по утрам тот поступает мудро",
        "status": 1,
        "created_at": "2022-01-19T15:32:32.032Z",
        "updated_at": "2022-01-19T15:32:32.032Z",
        "project": 1,
        "type": []
    }
},
{
    "model": "issue_tracker.task",
    "pk": 67,
    "fields": {
        "summary": "Создать суперадмин",
        "description": "Кто едет в гости по утрам тот поступает мудро",
        "status": 1,
        "created_at": "2022-01-19T15:32:57.758Z",
        "updated_at": "2022-01-19T15:32:57.758Z",
        "project": 1,
        "type": []
    }
},
{
    "model": "issue_tracker.task",
    "pk": 68,
    "fields": {
        "summary": "Создать фикстуру базы данных",
        "description": "Тарам парам тарам тарам ",
        "status": 1,
        "created_at": "2022-01-19T15:33:28.689Z",
        "updated_at": "2022-01-19T15:33:28.689Z",
        "project": 1,
        "type": []
    }
},
{
    "model": "issue_tracker.task",
    "pk": 69,
    "fields": {
        "summary": "Создать миграцию",
        "description": "Тарам парам тарам тарам ",
        "status": 2,
        "created_at": "2022-01-19T15:33:43.553Z",
        "updated_at": "2022-01-19T15:33:43.553Z",
        "project": 1,
        "type": []
    }
},
{
    "model": "issue_tracker.task",
    "pk": 70,
    "fields": {
        "summary": "Создать GRUD для задачи",
        "description": "Тарам парам тарам тарам",
        "status": 1,
        "created_at": "2022-01-19T15:34:32.554Z",
        "updated_at": "2022-02-07T10:47:14.842Z",
        "project": 1,
        "type": [
            1
        ]
    }
},
{
    "model": "issue_tracker.task",
    "pk": 71,
    "fields": {
        "summary": "Создать фикстуру базы данных",
        "description": "Тарам парам тарам тарам ",
        "status": 1,
        "created_at": "2022-01-19T15:33:28.689Z",
        "updated_at": "2022-01-19T15:33:28.689Z",
        "project": 1,
        "type": []
    }
},
{
    "model": "issue_tracker.task",
    "pk": 72,
    "fields": {
        "summary": "Создать миграцию",
        "description": "Тарам парам тарам тарам ",
        "status": 2,
        "created_at": "2022-01-19T15:33:43.553Z",
        "updated_at": "2022-01-19T15:33:43.553Z",
        "project": 1,
        "type": []
    }
},
{
    "model": "issue_tracker.task",
    "pk": 73,
    "fields": {
        "summary": "Создать GRUD для задачи",
        "description": "Тарам парам тарам тарам",
        "status": 1,
        "created_at": "2022-01-19T15:34:32.554Z",
        "updated_at": "2022-02-07T10:47:29.517Z",
        "project": 1,
        "type": [
            1
        ]
    }
},
{
    "model": "issue_tracker.task",
    "pk": 74,
    "fields": {
        "summary": "Исправить ошибки при создании задачи",
        "description": "Тарам парам тарам тарам",
        "status": 1,
        "created_at": "2022-01-19T15:34:57.466Z",
        "updated_at": "2022-02-07T10:39:55.466Z",
        "project": 1,
        "type": [
            1
        ]
    }
},
{
    "model": "issue_tracker.task",
    "pk": 75,
    "fields": {
        "summary": "Улучшить главную страницу с бутстрапом",
        "description": "Тарам парам тарам тарам",
        "status": 2,
        "created_at": "2022-01-19T15:35:25.049Z",
        "updated_at": "2022-02-07T10:38:41.657Z",
        "project": 1,
        "type": [
            1
        ]
    }
},
{
    "model": "issue_tracker.task",
    "pk": 76,
    "fields": {
        "summary": "Создать приложение Issue Tracker",
        "description": "Тарам парам тарам тарам ",
        "status": 2,
        "created_at": "2022-01-19T15:32:01.996Z",
        "updated_at": "2022-01-19T15:32:01.996Z",
        "project": 1,
        "type": []
    }
},
{
    "model": "issue_tracker.task",
    "pk": 77,
    "fields": {
        "summary": "Создать миграцию",
        "description": "Тарам парам тарам тарам ",
        "status": 1,
        "created_at": "2022-01-19T15:32:32.032Z",
        "updated_at": "2022-01-19T15:32:32.032Z",
        "project": 1,
        "type": []
    }
},
{
    "model": "issue_tracker.task",
    "pk": 78,
    "fields": {
        "summary": "Создать суперадмин",
        "description": "Тарам парам тарам тарам ",
        "status": 1,
        "created_at": "2022-01-19T15:32:57.758Z",
        "updated_at": "2022-01-19T15:32:57.758Z",
        "project": 1,
        "type": []
    }
},
{
    "model": "issue_tracker.task",
    "pk": 79,
    "fields": {
        "summary": "Создать фикстуру базы данных",
        "description": "Тарам парам тарам тарам ",
        "status": 1,
        "created_at": "2022-01-19T15:33:28.689Z",
        "updated_at": "2022-01-19T15:33:28.689Z",
        "project": 1,
        "type": []
    }
},
{
    "model": "issue_tracker.task",
    "pk": 80,
    "fields": {
        "summary": "Создать миграцию",
        "description": "Тарам парам тарам тарам ",
        "status": 2,
        "created_at": "2022-01-19T15:33:43.553Z",
        "updated_at": "2022-01-19T15:33:43.553Z",
        "project": 1,
        "type": []
    }
},
{
    "model": "issue_tracker.task",
    "pk": 81,
    "fields": {
        "summary": "Создать GRUD для задачи",
        "description": "Тарам парам тарам тарам",
        "status": 1,
        "created_at": "2022-01-19T15:34:32.554Z",
        "updated_at": "2022-02-07T10:47:50.399Z",
        "project": 1,
        "type": [
            1
        ]
    }
},
{
    "model": "issue_tracker.task",
    "pk": 82,
    "fields": {
        "summary": "Создать фикстуру базы данных",
        "description": "Пагинатор аригинатор поисковик я просто начала тут писать чушь ))",
        "status": 1,
        "created_at": "2022-01-19T15:33:28.689Z",
        "updated_at": "2022-01-19T15:33:28.689Z",
        "project": 1,
        "type": []
    }
},
{
    "model": "issue_tracker.task",
    "pk": 83,
    "fields": {
        "summary": "Создать миграцию",
        "description": "Пагинатор аригинатор поисковик я просто начала тут писать чушь ))",
        "status": 2,
        "created_at": "2022-01-19T15:33:43.553Z",
        "updated_at": "2022-01-19T15:33:43.553Z",
        "project": 1,
        "type": []
    }
},
{
    "model": "issue_tracker.task",
    "pk": 84,
    "fields": {
        "summary": "Создать GRUD для задачи",
        "description": "Пагинатор аригинатор поисковик я просто начала тут писать чушь ))",
        "status": 1,
        "created_at": "2022-01-19T15:34:32.554Z",
        "updated_at": "2022-02-07T10:48:04.023Z",
        "project": 1,
        "type": [
            1
        ]
    }
},
{
    "model": "issue_tracker.task",
    "pk": 85,
    "fields": {
        "summary": "Исправить ошибки при создании задачи",
        "description": "Пагинатор аригинатор поисковик я просто начала тут писать чушь ))",
        "status": 1,
        "created_at": "2022-01-19T15:34:57.466Z",
        "updated_at": "2022-02-07T10:40:04.947Z",
        "project": 1,
        "type": [
            2
        ]
    }
},
{
    "model": "issue_tracker.task",
    "pk": 87,
    "fields": {
        "summary": "Создать приложение Issue Tracker",
        "description": "Пагинатор аригинатор поисковик я просто начала тут писать чушь ))",
        "status": 2,
        "created_at": "2022-01-19T15:32:01.996Z",
        "updated_at": "2022-01-19T15:32:01.996Z",
        "project": 1,
        "type": []
    }
},
{
    "model": "issue_tracker.task",
    "pk": 88,
    "fields": {
        "summary": "Создать миграцию",
        "description": "Пагинатор аригинатор поисковик я просто начала тут писать чушь ))",
        "status": 1,
        "created_at": "2022-01-19T15:32:32.032Z",
        "updated_at": "2022-01-19T15:32:32.032Z",
        "project": 1,
        "type": []
    }
},
{
    "model": "issue_tracker.task",
    "pk": 89,
    "fields": {
        "summary": "Создать суперадмин",
        "description": "Пагинатор аригинатор поисковик я просто начала тут писать чушь ))",
        "status": 1,
        "created_at": "2022-01-19T15:32:57.758Z",
        "updated_at": "2022-01-19T15:32:57.758Z",
        "project": 1,
        "type": []
    }
},
{
    "model": "issue_tracker.task",
    "pk": 90,
    "fields": {
        "summary": "Создать фикстуру базы данных",
        "description": "Пагинатор аригинатор поисковик я просто начала тут писать чушь ))",
        "status": 1,
        "created_at": "2022-01-19T15:33:28.689Z",
        "updated_at": "2022-01-19T15:33:28.689Z",
        "project": 1,
        "type": []
    }
},
{
    "model": "issue_tracker.task",
    "pk": 91,
    "fields": {
        "summary": "Создать миграцию",
        "description": "Пагинатор аригинатор поисковик я просто начала тут писать чушь ))",
        "status": 2,
        "created_at": "2022-01-19T15:33:43.553Z",
        "updated_at": "2022-01-19T15:33:43.553Z",
        "project": 1,
        "type": []
    }
},
{
    "model": "issue_tracker.task",
    "pk": 92,
    "fields": {
        "summary": "Создать GRUD для задачи",
        "description": "Пагинатор аригинатор поисковик я просто начала тут писать чушь ))",
        "status": 1,
        "created_at": "2022-01-19T15:34:32.554Z",
        "updated_at": "2022-02-07T10:48:23.566Z",
        "project": 1,
        "type": [
            1
        ]
    }
},
{
    "model": "issue_tracker.task",
    "pk": 93,
    "fields": {
        "summary": "Создать фикстуру базы данных",
        "description": "Пагинатор аригинатор поисковик я просто начала тут писать чушь ))",
        "status": 1,
        "created_at": "2022-01-19T15:33:28.689Z",
        "updated_at": "2022-01-19T15:33:28.689Z",
        "project": 1,
        "type": []
    }
},
{
    "model": "issue_tracker.task",
    "pk": 94,
    "fields": {
        "summary": "Создать миграцию",
        "description": "Пагинатор аригинатор поисковик я просто начала тут писать чушь ))",
        "status": 2,
        "created_at": "2022-01-19T15:33:43.553Z",
        "updated_at": "2022-01-19T15:33:43.553Z",
        "project": 1,
        "type": []
    }
},
{
    "model": "issue_tracker.task",
    "pk": 95,
    "fields": {
        "summary": "Создать GRUD для задачи",
        "description": "Пагинатор аригинатор поисковик я просто начала тут писать чушь ))",
        "status": 1,
        "created_at": "2022-01-19T15:34:32.554Z",
        "updated_at": "2022-02-07T10:48:36.621Z",
        "project": 1,
        "type": [
            1
        ]
    }
},
{
    "model": "issue_tracker.task",
    "pk": 96,
    "fields": {
        "summary": "Исправить ошибки при создании задачи",
        "description": "Пагинатор аригинатор поисковик я просто начала тут писать чушь ))",
        "status": 1,
        "created_at": "2022-01-19T15:34:57.466Z",
        "updated_at": "2022-02-07T10:40:15.506Z",
        "project": 1,
        "type": [
            1
        ]
    }
},
{
    "model": "issue_tracker.task",
    "pk": 97,
    "fields": {
        "summary": "Улучшить главную страницу с бутстрапом",
        "description": "Пагинатор аригинатор поисковик я просто начала тут писать чушь ))",
        "status": 2,
        "created_at": "2022-01-19T15:35:25.049Z",
        "updated_at": "2022-02-07T10:36:42.573Z",
        "project": 1,
        "type": [
            1
        ]
    }
},
{
    "model": "issue_tracker.task",
    "pk": 98,
    "fields": {
        "summary": "Создать приложение Issue Tracker",
        "description": "Пагинатор аригинатор поисковик я просто начала тут писать чушь ))",
        "status": 2,
        "created_at": "2022-01-19T15:32:01.996Z",
        "updated_at": "2022-01-19T15:32:01.996Z",
        "project": 1,
        "type": []
    }
},
{
    "model": "issue_tracker.task",
    "pk": 99,
    "fields": {
        "summary": "Создать миграцию",
        "description": "Пагинатор аригинатор поисковик я просто начала тут писать чушь ))",
        "status": 1,
        "created_at": "2022-01-19T15:32:32.032Z",
        "updated_at": "2022-01-19T15:32:32.032Z",
        "project": 1,
        "type": []
    }
},
{
    "model": "issue_tracker.task",
    "pk": 100,
    "fields": {
        "summary": "Создать суперадмин",
        "description": "Пагинатор аригинатор поисковик я просто начала тут писать чушь ))",
        "status": 1,
        "created_at": "2022-01-19T15:32:57.758Z",
        "updated_at": "2022-01-19T15:32:57.758Z",
        "project": 1,
        "type": []
    }
},
{
    "model": "issue_tracker.task",
    "pk": 101,
    "fields": {
        "summary": "Создать фикстуру базы данных",
        "description": "Пагинатор аригинатор поисковик я просто начала тут писать чушь ))",
        "status": 1,
        "created_at": "2022-01-19T15:33:28.689Z",
        "updated_at": "2022-01-19T15:33:28.689Z",
        "project": 1,
        "type": []
    }
},
{
    "model": "issue_tracker.task",
    "pk": 102,
    "fields": {
        "summary": "Создать миграцию",
        "description": "Пагинатор аригинатор поисковик я просто начала тут писать чушь ))",
        "status": 2,
        "created_at": "2022-01-19T15:33:43.553Z",
        "updated_at": "2022-01-19T15:33:43.553Z",
        "project": 1,
        "type": []
    }
},
{
    "model": "issue_tracker.task",
    "pk": 103,
    "fields": {
        "summary": "Создать GRUD для задачи",
        "description": "Пагинатор аригинатор поисковик я просто начала тут писать чушь ))",
        "status": 1,
        "created_at": "2022-01-19T15:34:32.554Z",
        "updated_at": "2022-02-07T10:48:50.486Z",
        "project": 1,
        "type": [
            1
        ]
    }
},
{
    "model": "issue_tracker.task",
    "pk": 104,
    "fields": {
        "summary": "Исправить ошибки при создании задачи",
        "description": "А тут будет вот так",
        "status": 1,
        "created_at": "2022-01-19T15:34:57.466Z",
        "updated_at": "2022-02-07T10:40:27.109Z",
        "project": 1,
        "type": [
            1
        ]
    }
},
{
    "model": "issue_tracker.task",
    "pk": 120,
    "fields": {
        "summary": "DDDDDD",
        "description": "",
        "status": 1,
        "created_at": "2022-02-09T15:51:19.229Z",
        "updated_at": "2022-02-09T15:51:19.229Z",
        "project": 10,
        "type": [
            1
        ]
    }
},
{
    "model": "issue_tracker.task",
    "pk": 121,
    "fields": {
        "summary": "DDDDDD888",
        "description": "",
        "status": 2,
        "created_at": "2022-02-09T16:05:19.235Z",
        "updated_at": "2022-02-09T16:05:32.389Z",
        "project": 14,
        "type": [
            1
        ]
    }
},
{
    "model": "issue_tracker.task",
    "pk": 122,
    "fields": {
        "summary": "Задача 8",
        "description": "ыыыы",
        "status": 1,
        "created_at": "2022-02-09T16:09:28.603Z",
        "updated_at": "2022-02-09T16:09:28.603Z",
        "project": 20,
        "type": [
            1
        ]
    }
},
{
    "model": "issue_tracker.project",
    "pk": 1,
    "fields": {
        "project": "Приложение для ресторана",
        "description": null,
        "created_at": null,
        "updated_at": null,
        "is_deleted": false
    }
},
{
    "model": "issue_tracker.project",
    "pk": 2,
    "fields": {
        "project": "Новый проект",
        "description": "",
        "created_at": "2022-02-09T18:00:00Z",
        "updated_at": "2022-02-19T18:00:00Z",
        "is_deleted": false
    }
},
{
    "model": "issue_tracker.project",
    "pk": 6,
    "fields": {
        "project": "Новый проект 4",
        "description": "",
        "created_at": "2022-02-06T18:00:00Z",
        "updated_at": null,
        "is_deleted": false
    }
},
{
    "model": "issue_tracker.project",
    "pk": 7,
    "fields": {
        "project": "Старый проект",
        "description": "",
        "created_at": "2022-02-08T18:00:00Z",
        "updated_at": null,
        "is_deleted": false
    }
},
{
    "model": "issue_tracker.project",
    "pk": 13,
    "fields": {
        "project": "Новый проект 6",
        "description": "",
        "created_at": "2022-02-11T18:00:00Z",
        "updated_at": null,
        "is_deleted": false
    }
},
{
    "model": "issue_tracker.project",
    "pk": 14,
    "fields": {
        "project": "Новый проект 3",
        "description": "",
        "created_at": "2022-02-12T18:00:00Z",
        "updated_at": null,
        "is_deleted": false
    }
},
{
    "model": "issue_tracker.project",
    "pk": 15,
    "fields": {
        "project": "Новый проект 8",
        "description": "",
        "created_at": "2022-02-07T18:00:00Z",
        "updated_at": "2022-02-26T18:00:00Z",
        "is_deleted": false
    }
},
{
    "model": "issue_tracker.project",
    "pk": 16,
    "fields": {
        "project": "Новый проект 9",
        "description": "",
        "created_at": "2022-02-08T18:00:00Z",
        "updated_at": null,
        "is_deleted": false
    }
},
{
    "model": "issue_tracker.project",
    "pk": 17,
    "fields": {
        "project": "Новый проект 45",
        "description": "",
        "created_at": "2022-02-10T18:00:00Z",
        "updated_at": null,
        "is_deleted": false
    }
},
{
    "model": "issue_tracker.project",
    "pk": 18,
    "fields": {
        "project": "Новый проект 55",
        "description": "",
        "created_at": "2022-02-11T18:00:00Z",
        "updated_at": null,
        "is_deleted": false
    }
},
{
    "model": "issue_tracker.project",
    "pk": 19,
    "fields": {
        "project": "Новый проект 5",
        "description": "",
        "created_at": "2022-02-12T18:00:00Z",
        "updated_at": null,
        "is_deleted": false
    }
},
{
    "model": "auth.user",
    "pk": 1,
    "fields": {
        "password": "pbkdf2_sha256$320000$8C1oHrABAvHXTXktKT7zH4$uDcaFaVRUoc7E68IQnx1DVdL5XrY3HsIu9Vq4jy/M0E=",
        "last_login": "2022-02-07T15:52:47.156Z",
        "is_superuser": true,
        "username": "admin",
        "first_name": "",
        "last_name": "",
        "email": "auezova.90@mail.ru",
        "is_staff": true,
        "is_active": true,
        "date_joined": "2022-01-19T13:31:22.129Z",
        "groups": [],
        "user_permissions": []
    }
}
]
